{"rel_embeddings": [[0.8195471167564392, 0.24802851676940918]], "ent_embeddings": [[0.4873509705066681, 0.2309359461069107], [-1.1135454177856445, 1.5641961097717285]]}